filename,width,height,class,xmin,ymin,xmax,ymax
sushi/122339.jpg,512,382,sushi,270,68,361,167
sushi/122339.jpg,512,382,sushi,30,52,137,194
french_fries/411113.jpg,384,512,french_fries,1,67,383,359
hotdog/154545.jpg,512,382,hotdog,1,44,512,378
hamburger/184955.jpg,512,382,hamburger,268,91,456,258
sushi/515071.jpg,512,512,sushi,149,187,271,302
sushi/515071.jpg,512,512,sushi,137,187,420,321
french_fries/660608.jpg,512,384,french_fries,66,2,506,381
hamburger/1126075.jpg,512,512,hamburger,29,7,508,399
hotdog/154409.jpg,512,384,hotdog,11,7,512,329
sushi/692632.jpg,512,512,sushi,188,155,293,280
sushi/269460.jpg,512,384,sushi,57,182,188,296
sushi/269460.jpg,512,384,sushi,185,154,384,384
sushi/269460.jpg,512,384,sushi,348,59,500,287
sushi/1613878.jpg,512,512,sushi,305,34,461,228
sushi/592799.jpg,384,512,sushi,267,312,341,380
sushi/592799.jpg,384,512,sushi,294,276,359,330
sushi/592799.jpg,384,512,sashimi,129,367,233,416
pizza/138855.jpg,512,384,pizza,24,39,472,376
sushi/38958.jpg,512,384,sushi,25,150,489,256
french_fries/1724805.jpg,512,341,french_fries,64,75,446,311
french_fries/1504529.jpg,512,512,french_fries,66,66,469,395
sushi/1165660.jpg,512,486,sushi,198,248,364,447
sushi/1165660.jpg,512,486,sashimi,29,171,192,393
french_fries/674434.jpg,384,512,french_fries,60,167,306,310
hotdog/113703.jpg,382,512,hotdog,72,136,372,472
pizza/413789.jpg,384,512,pizza,1,129,376,487
french_fries/923140.jpg,512,512,french_fries,21,1,460,496
french_fries/1439792.jpg,512,512,french_fries,39,90,512,456
hotdog/393123.jpg,512,382,hotdog,1,119,512,342
hotdog/315220.jpg,512,384,hotdog,147,118,402,351
sushi/402797.jpg,512,383,sushi,54,244,131,314
sushi/402797.jpg,512,383,sushi,262,241,337,307
sushi/402797.jpg,512,383,sushi,394,226,467,293
sushi/402797.jpg,512,383,sushi,337,199,403,265
sushi/402797.jpg,512,383,sushi,50,303,248,383
sushi/402797.jpg,512,383,sushi,270,305,341,377
sushi/402797.jpg,512,383,sushi,132,167,185,210
sushi/402797.jpg,512,383,sushi,184,167,238,209
sushi/402797.jpg,512,383,sushi,192,222,255,286
sushi/402797.jpg,512,383,sushi,56,176,126,306
french_fries/240760.jpg,512,384,french_fries,1,1,511,383
hotdog/377852.jpg,512,384,hotdog,1,25,512,274
hotdog/315602.jpg,512,306,hotdog,98,94,232,266
hotdog/315602.jpg,512,306,hotdog,284,103,369,211
sushi/887831.jpg,512,512,sushi,1,28,509,496
sushi/1541390.jpg,512,512,sashimi,1,3,512,194
french_fries/1346017.jpg,512,512,french_fries,1,11,505,490
sushi/273696.jpg,512,365,sushi,117,15,216,116
sushi/273696.jpg,512,365,sashimi,112,114,304,294
sushi/273696.jpg,512,365,sashimi,235,117,304,344
sushi/273696.jpg,512,365,sashimi,168,112,239,285
sushi/273696.jpg,512,365,sashimi,106,116,173,298
sushi/319682.jpg,512,384,sushi,24,155,181,250
hamburger/1175364.jpg,512,384,hamburger,96,29,400,350
sushi/542188.jpg,512,512,sushi,1,123,153,253
pizza/63480.jpg,384,512,pizza,1,78,384,499
hotdog/129092.jpg,512,384,hotdog,182,30,396,137
hotdog/129092.jpg,512,384,hotdog,260,185,504,322
french_fries/720270.jpg,512,512,french_fries,134,122,431,458
hotdog/306950.jpg,512,382,hotdog,163,92,386,296
hotdog/306950.jpg,512,382,hotdog,216,135,443,349
hotdog/316636.jpg,512,382,hotdog,68,76,483,364
french_fries/1703753.jpg,512,512,french_fries,1,4,501,507
pizza/147785.jpg,384,512,pizza,1,208,384,478
hamburger/624407.jpg,512,340,hamburger,100,33,412,288
sushi/1194203.jpg,512,512,sushi,88,254,305,480
sushi/1194203.jpg,512,512,sushi,189,112,322,273
hotdog/259418.jpg,384,512,hotdog,30,152,367,389
french_fries/421038.jpg,512,341,french_fries,95,19,382,204
french_fries/223944.jpg,512,384,french_fries,84,1,414,261
french_fries/357993.jpg,382,512,french_fries,1,81,379,451
sushi/1174196.jpg,512,512,sashimi,70,293,178,419
sushi/1174196.jpg,512,512,sushi,20,197,80,267
sushi/230121.jpg,512,341,sushi,71,228,289,341
french_fries/146029.jpg,384,512,french_fries,9,126,384,474
sushi/911808.jpg,512,401,sushi,121,294,258,401
sushi/911808.jpg,512,401,sushi,1,304,113,396
french_fries/338259.jpg,382,512,french_fries,166,202,364,494
french_fries/1376608.jpg,512,384,french_fries,3,14,464,380
hamburger/277584.jpg,512,384,hamburger,18,23,243,243
sushi/290418.jpg,512,382,sushi,317,274,412,344
sushi/290418.jpg,512,382,sashimi,126,129,207,205
sushi/290418.jpg,512,382,sushi,308,211,410,344
pizza/194784.jpg,382,512,pizza,1,54,382,511
french_fries/1772112.jpg,512,512,french_fries,75,1,424,507
hamburger/810199.jpg,306,512,hamburger,1,185,187,383
sushi/1060699.jpg,512,512,sushi,1,34,214,249
french_fries/411918.jpg,512,341,french_fries,32,36,383,232
french_fries/1610240.jpg,512,512,french_fries,13,9,510,512
hotdog/135628.jpg,512,384,hotdog,1,102,512,328
pizza/333985.jpg,382,512,pizza,1,93,382,347
french_fries/966854.jpg,512,512,french_fries,184,12,502,502
hotdog/113712.jpg,382,512,hotdog,70,72,265,512
french_fries/848492.jpg,512,512,french_fries,92,21,508,480
hamburger/991372.jpg,512,512,hamburger,12,1,511,510
sushi/1341587.jpg,512,512,sushi,98,223,270,394
hotdog/337987.jpg,512,456,hotdog,132,206,297,330
hotdog/337987.jpg,512,456,hotdog,199,236,366,381
sushi/5443.jpg,512,384,sashimi,5,266,187,364
sushi/5443.jpg,512,384,sashimi,14,216,214,275
sushi/5443.jpg,512,384,sashimi,296,293,467,384
sushi/5443.jpg,512,384,sashimi,179,250,340,362
sushi/36741.jpg,512,384,sashimi,293,87,367,166
sushi/36741.jpg,512,384,sashimi,297,213,351,273
sushi/36741.jpg,512,384,sashimi,332,248,392,307
sushi/36741.jpg,512,384,sushi,210,76,273,147
sushi/36741.jpg,512,384,sashimi,180,230,259,384
sushi/36741.jpg,512,384,sushi,303,171,436,303
hamburger/1213037.jpg,512,512,hamburger,1,148,324,469
pizza/40449.jpg,512,384,pizza,1,49,512,353
sushi/1087776.jpg,512,384,sushi,275,197,387,322
sushi/1087776.jpg,512,384,sushi,110,192,231,293
sushi/1087776.jpg,512,384,sushi,390,208,500,324
sushi/1087776.jpg,512,384,sushi,286,43,488,322
hamburger/330628.jpg,512,384,hamburger,292,84,509,261
french_fries/1709793.jpg,512,512,french_fries,142,45,384,247
french_fries/839871.jpg,512,383,french_fries,49,1,503,275
hotdog/139177.jpg,341,512,hotdog,17,55,330,479
hotdog/268919.jpg,382,512,hotdog,63,231,227,365
hotdog/268919.jpg,382,512,hotdog,195,221,382,415
hotdog/267629.jpg,384,512,hotdog,56,45,311,512
sushi/1531389.jpg,512,429,sushi,208,294,307,389
sushi/1531389.jpg,512,429,sushi,146,242,232,340
sushi/716348.jpg,306,512,sushi,10,281,85,329
hamburger/231857.jpg,512,333,hamburger,57,97,350,299
hamburger/360082.jpg,512,382,hamburger,114,135,389,316
hamburger/129939.jpg,512,382,hamburger,35,91,158,192
hamburger/129939.jpg,512,382,hamburger,156,66,260,187
hamburger/129939.jpg,512,382,hamburger,373,75,483,214
hamburger/129939.jpg,512,382,hamburger,266,86,378,222
hamburger/294644.jpg,512,382,hamburger,38,31,495,382
french_fries/1269687.jpg,512,512,french_fries,146,1,433,163
hamburger/585430.jpg,512,512,hamburger,1,1,511,512
pizza/370643.jpg,382,512,pizza,1,21,382,512
french_fries/580652.jpg,512,512,french_fries,3,2,507,510
hotdog/124987.jpg,341,512,hotdog,66,136,250,394
french_fries/251128.jpg,384,512,french_fries,1,91,384,441
french_fries/203924.jpg,382,512,french_fries,1,131,183,512
sushi/852186.jpg,512,512,sushi,55,236,194,369
sushi/852186.jpg,512,512,sushi,240,225,343,364
hotdog/122007.jpg,512,384,hotdog,26,53,512,290
sushi/310820.jpg,512,382,sushi,232,215,317,319
sushi/310820.jpg,512,382,sushi,373,147,512,296
pizza/13983.jpg,512,384,pizza,1,83,512,342
french_fries/3139.jpg,512,384,french_fries,104,97,386,310
pizza/89197.jpg,512,384,pizza,1,85,512,329
sushi/36641.jpg,512,384,sashimi,16,95,318,291
sushi/36641.jpg,512,384,sashimi,307,83,410,315
sushi/1143725.jpg,512,512,sushi,232,410,345,502
sushi/1143725.jpg,512,512,sushi,322,344,421,444
sushi/1143725.jpg,512,512,sushi,307,191,403,275
french_fries/1622796.jpg,512,512,french_fries,90,2,351,512
sushi/549067.jpg,512,289,sashimi,19,8,236,289
sushi/549067.jpg,512,289,sashimi,211,200,450,289
sushi/719108.jpg,512,512,sushi,157,348,269,456
sushi/719108.jpg,512,512,sushi,261,314,376,434
sushi/719108.jpg,512,512,sushi,78,289,184,399
sushi/719108.jpg,512,512,sushi,369,295,479,415
sushi/719108.jpg,512,512,sashimi,380,178,505,269
sushi/719108.jpg,512,512,sashimi,27,179,164,257
hotdog/96740.jpg,384,512,hotdog,1,50,384,512
pizza/93961.jpg,384,512,pizza,1,74,384,410
hamburger/379510.jpg,512,341,hamburger,196,93,418,321
pizza/103708.jpg,512,342,pizza,113,4,512,342
sushi/1057384.jpg,512,341,sushi,257,124,311,194
sushi/1057384.jpg,512,341,sushi,195,100,255,164
sushi/1057384.jpg,512,341,sushi,329,133,401,212
sushi/1057384.jpg,512,341,sushi,198,75,312,193
sushi/1057384.jpg,512,341,sushi,39,83,190,225
sushi/1057384.jpg,512,341,sushi,316,72,438,208
hotdog/161911.jpg,512,384,hotdog,1,59,512,384
hamburger/577673.jpg,512,384,hamburger,232,224,447,384
hamburger/577673.jpg,512,384,hamburger,1,254,231,382
pizza/99604.jpg,384,512,pizza,9,66,365,462
sushi/932954.jpg,512,512,sushi,41,294,137,400
sushi/932954.jpg,512,512,sushi,389,266,491,366
sushi/932954.jpg,512,512,sushi,253,344,353,453
sushi/258547.jpg,384,512,sushi,188,271,303,437
sushi/258547.jpg,384,512,sushi,8,77,301,429
sushi/807186.jpg,384,512,sushi,3,236,204,453
pizza/513754.jpg,382,512,pizza,1,107,382,467
french_fries/1074446.jpg,512,512,french_fries,78,71,444,411
sushi/1129338.jpg,511,512,sushi,167,232,269,316
hamburger/419342.jpg,512,287,hamburger,87,1,452,286
hotdog/250715.jpg,512,384,hotdog,77,60,266,300
hotdog/250715.jpg,512,384,hotdog,249,86,509,283
hamburger/1049005.jpg,512,512,hamburger,47,163,259,409
french_fries/1659097.jpg,512,512,french_fries,3,1,428,414
hamburger/878925.jpg,512,384,hamburger,1,20,329,360
hotdog/41226.jpg,384,512,hotdog,57,46,317,512
hamburger/155594.jpg,384,512,hamburger,2,188,381,443
sushi/1583315.jpg,512,384,sushi,178,107,241,186
sushi/1583315.jpg,512,384,sushi,189,183,246,284
sushi/1583315.jpg,512,384,sushi,187,232,244,289
sushi/1583315.jpg,512,384,sashimi,311,210,403,255
sushi/1583315.jpg,512,384,sushi,59,180,175,321
sushi/265406.jpg,512,382,sushi,182,237,255,316
sushi/265406.jpg,512,382,sushi,106,128,160,183
sushi/265406.jpg,512,382,sushi,137,183,192,248
hamburger/250782.jpg,382,512,hamburger,12,225,192,402
french_fries/622646.jpg,512,512,french_fries,3,1,495,337
french_fries/778600.jpg,512,512,french_fries,1,2,505,509
hamburger/170292.jpg,384,512,hamburger,36,44,279,389
pizza/203831.jpg,512,384,pizza,1,31,512,384
hamburger/1245594.jpg,512,512,hamburger,115,198,486,512
sushi/447928.jpg,512,384,sashimi,20,202,216,334
sushi/447928.jpg,512,384,sashimi,309,142,495,252
french_fries/1343675.jpg,512,512,french_fries,70,138,447,512
pizza/343480.jpg,384,512,pizza,1,90,384,484
pizza/1571074.jpg,512,307,pizza,31,6,441,307
sushi/72926.jpg,384,512,sushi,41,301,182,494
hamburger/100517.jpg,384,512,hamburger,54,81,341,385
hamburger/499437.jpg,512,512,hamburger,1,2,505,459
pizza/513415.jpg,512,512,pizza,1,19,512,339
sushi/104332.jpg,512,384,sushi,214,109,342,194
sushi/104332.jpg,512,384,sushi,374,164,480,244
sushi/104332.jpg,512,384,sashimi,48,141,154,240
sushi/149174.jpg,384,512,sushi,148,310,226,385
pizza/54461.jpg,384,512,pizza,63,188,323,468
french_fries/1132539.jpg,512,512,french_fries,1,16,510,509
hotdog/332886.jpg,512,500,hotdog,46,33,444,411
sushi/1184849.jpg,512,512,sushi,1,21,498,505
hotdog/143012.jpg,384,512,hotdog,30,247,343,359
hotdog/143012.jpg,384,512,hotdog,11,317,366,467
french_fries/1692353.jpg,512,512,french_fries,1,1,508,509
sushi/1296836.jpg,512,512,sushi,35,290,504,385
french_fries/1290768.jpg,384,512,french_fries,1,13,378,492
french_fries/374001.jpg,512,512,french_fries,62,127,486,396
hotdog/1682720.jpg,383,512,hotdog,2,161,257,408
hotdog/207291.jpg,382,512,hotdog,58,96,326,506
pizza/80750.jpg,512,383,pizza,1,79,512,383
hotdog/349375.jpg,512,384,hotdog,39,121,459,315
hamburger/604483.jpg,512,512,hamburger,238,91,512,504
hamburger/1041751.jpg,512,384,hamburger,39,13,350,353
french_fries/1509620.jpg,512,512,french_fries,1,1,510,480
hotdog/25587.jpg,342,512,hotdog,107,65,254,397
hotdog/92535.jpg,512,384,hotdog,121,50,512,384
hotdog/120471.jpg,512,384,hotdog,150,109,362,364
hotdog/120471.jpg,512,384,hotdog,1,120,239,384
sushi/1318559.jpg,512,385,sushi,111,235,241,385
french_fries/491207.jpg,512,512,french_fries,3,5,512,387
pizza/422261.jpg,384,512,pizza,137,1,384,512
pizza/422261.jpg,384,512,pizza,1,1,273,512
french_fries/145012.jpg,382,512,french_fries,1,148,375,500
hamburger/1009426.jpg,512,512,hamburger,77,52,495,463
hamburger/1253144.jpg,512,384,hamburger,103,14,446,317
french_fries/1443762.jpg,512,512,french_fries,4,2,506,508
pizza/124815.jpg,384,512,pizza,1,1,384,463
french_fries/1198412.jpg,512,384,french_fries,1,4,512,383
french_fries/774764.jpg,512,384,french_fries,38,8,246,151
hotdog/156135.jpg,512,384,hotdog,110,43,369,167
hotdog/156135.jpg,512,384,hotdog,140,139,419,301
sushi/1120674.jpg,512,384,sashimi,166,118,368,250
french_fries/973682.jpg,512,512,french_fries,27,23,505,445
hamburger/526726.jpg,512,384,hamburger,233,36,505,384
french_fries/1035421.jpg,512,512,french_fries,100,62,442,206
hotdog/193755.jpg,382,512,hotdog,1,173,375,511
pizza/141507.jpg,512,382,pizza,1,1,512,382
sushi/1495879.jpg,383,512,sushi,263,97,345,192
sushi/1495879.jpg,383,512,sushi,231,248,317,308
sushi/1495879.jpg,383,512,sushi,156,229,230,316
french_fries/1264270.jpg,512,384,french_fries,69,1,375,361
sushi/333826.jpg,512,382,sushi,35,203,272,314
sushi/333826.jpg,512,382,sushi,157,246,216,313
sushi/333826.jpg,512,382,sushi,92,248,159,315
sushi/333826.jpg,512,382,sushi,213,248,272,311
sushi/333826.jpg,512,382,sushi,103,108,161,169
sushi/333826.jpg,512,382,sashimi,324,149,377,211
sushi/206288.jpg,384,512,sushi,218,213,384,432
pizza/358178.jpg,512,384,pizza,52,137,367,384
sushi/638930.jpg,512,512,sushi,37,77,464,493
hotdog/15914.jpg,512,384,hotdog,32,14,365,298
french_fries/1528250.jpg,512,512,french_fries,17,22,430,285
hotdog/133015.jpg,512,341,hotdog,172,93,309,279
hotdog/133015.jpg,512,341,hotdog,322,75,492,302
hamburger/1133388.jpg,384,512,hamburger,41,206,255,419
hamburger/1057407.jpg,512,512,hamburger,24,140,369,484
hamburger/620037.jpg,512,512,hamburger,42,102,396,444
hamburger/782170.jpg,384,512,hamburger,29,205,284,356
sushi/448592.jpg,512,512,sushi,3,100,121,343
french_fries/1810352.jpg,512,341,french_fries,7,17,506,340
hamburger/286323.jpg,384,512,hamburger,27,31,325,391
french_fries/10500.jpg,512,384,french_fries,129,36,492,346
sushi/96293.jpg,512,384,sushi,324,189,465,286
sushi/96293.jpg,512,384,sashimi,79,153,148,309
sushi/1013418.jpg,512,308,sushi,340,193,432,279
sushi/1013418.jpg,512,308,sushi,45,203,157,300
french_fries/1667108.jpg,512,512,french_fries,123,92,349,487
hamburger/374344.jpg,382,512,hamburger,1,42,378,473
hotdog/335113.jpg,512,268,hotdog,38,9,474,257
sushi/197383.jpg,512,382,sushi,58,180,217,282
sushi/197383.jpg,512,382,sashimi,255,201,373,310
sushi/197383.jpg,512,382,sashimi,378,256,512,337
sushi/197383.jpg,512,382,sushi,294,66,404,130
hamburger/1007277.jpg,512,307,hamburger,1,1,280,304
french_fries/109401.jpg,382,512,french_fries,1,8,377,508
french_fries/370151.jpg,512,341,french_fries,136,1,385,339
french_fries/1495592.jpg,512,509,french_fries,85,84,509,447
french_fries/557390.jpg,512,512,french_fries,1,20,509,446
pizza/482858.jpg,512,512,pizza,11,50,512,468
french_fries/783581.jpg,511,512,french_fries,41,1,399,194
sushi/93876.jpg,512,384,sashimi,103,84,348,280
hamburger/47846.jpg,512,384,hamburger,1,87,446,384
french_fries/1364015.jpg,512,512,french_fries,1,2,498,506
french_fries/575528.jpg,512,512,french_fries,2,1,485,511
hamburger/526567.jpg,512,464,hamburger,211,67,492,396
pizza/269396.jpg,384,512,pizza,1,26,384,485
hotdog/365524.jpg,382,512,hotdog,1,137,382,434
hotdog/51643.jpg,384,512,hotdog,27,50,285,488
sushi/200025.jpg,382,512,sashimi,1,174,262,432
french_fries/87020.jpg,512,384,french_fries,241,79,479,257
french_fries/87020.jpg,512,384,french_fries,1,92,261,312
french_fries/1571407.jpg,512,512,french_fries,1,155,420,506
sushi/1577053.jpg,512,512,sashimi,106,386,372,509
hamburger/992429.jpg,512,289,hamburger,23,1,498,288
hotdog/1676109.jpg,512,512,hotdog,8,1,404,510
sushi/763924.jpg,512,384,sushi,1,70,220,369
sushi/763924.jpg,512,384,sushi,216,77,471,352
sushi/38940.jpg,512,384,sushi,46,102,403,295
pizza/317861.jpg,382,512,pizza,1,42,382,468
sushi/342826.jpg,382,512,sushi,60,166,313,360
sushi/1456211.jpg,512,384,sashimi,121,236,388,308
sushi/1456211.jpg,512,384,sushi,165,181,200,229
sushi/1456211.jpg,512,384,sushi,306,187,343,237
sushi/266335.jpg,512,382,sashimi,46,116,415,251
french_fries/348356.jpg,512,512,french_fries,1,81,446,503
french_fries/349846.jpg,512,382,french_fries,1,37,319,249
french_fries/397794.jpg,512,512,french_fries,166,1,509,509
pizza/300869.jpg,512,384,pizza,1,1,512,384
pizza/11297.jpg,383,512,pizza,65,83,327,285
pizza/11297.jpg,383,512,pizza,1,252,267,512
hotdog/107518.jpg,512,382,hotdog,83,43,462,208
hotdog/107518.jpg,512,382,hotdog,60,153,474,359
hotdog/291354.jpg,512,512,hotdog,124,191,256,509
hotdog/291354.jpg,512,512,hotdog,242,197,370,512
pizza/372275.jpg,512,384,pizza,1,10,512,353
sushi/133637.jpg,512,384,sushi,147,199,232,281
sushi/133637.jpg,512,384,sushi,265,179,411,261
hotdog/209306.jpg,382,512,hotdog,82,53,344,512
hotdog/91220.jpg,383,512,hotdog,83,211,383,512
french_fries/123929.jpg,382,512,french_fries,1,137,382,511
sushi/170385.jpg,512,382,sushi,181,236,406,333
sushi/170385.jpg,512,382,sushi,85,235,178,330
sushi/106904.jpg,384,512,sushi,1,225,347,463
hotdog/307557.jpg,512,306,hotdog,173,141,341,279
hotdog/307557.jpg,512,306,hotdog,236,94,390,234
hotdog/55453.jpg,512,382,hotdog,96,78,461,256
french_fries/1555814.jpg,512,512,french_fries,1,35,505,460
hotdog/54269.jpg,512,307,hotdog,1,21,354,154
hotdog/54269.jpg,512,307,hotdog,1,123,362,307
hotdog/170452.jpg,382,512,hotdog,175,87,349,376
hotdog/170452.jpg,382,512,hotdog,26,126,185,418
hamburger/73783.jpg,512,383,hamburger,1,6,366,379
french_fries/194973.jpg,512,384,french_fries,1,2,511,383
sushi/1369628.jpg,512,384,sushi,362,135,464,222
sushi/1369628.jpg,512,384,sushi,367,74,452,140
hamburger/1017874.jpg,512,512,hamburger,146,55,512,374
french_fries/697086.jpg,512,306,french_fries,19,33,360,301
french_fries/1637064.jpg,512,383,french_fries,68,45,359,272
french_fries/457709.jpg,512,384,french_fries,36,35,471,309
sushi/1346344.jpg,512,512,sushi,184,280,326,495
sushi/865839.jpg,512,306,sushi,1,121,136,192
sushi/865839.jpg,512,306,sushi,291,98,432,212
french_fries/1439886.jpg,512,512,french_fries,1,30,511,210
french_fries/546394.jpg,512,512,french_fries,3,1,503,509
hotdog/2417.jpg,512,384,hotdog,45,1,512,384
hamburger/177522.jpg,382,512,hamburger,51,244,215,396
pizza/287000.jpg,382,512,pizza,1,21,382,512
hamburger/60794.jpg,512,384,hamburger,121,134,458,359
hotdog/373912.jpg,384,512,hotdog,70,174,333,473
sushi/1554720.jpg,512,384,sushi,315,128,453,233
hamburger/68979.jpg,384,512,hamburger,125,116,362,399
french_fries/950224.jpg,512,512,french_fries,1,71,259,358
hamburger/923384.jpg,512,512,hamburger,35,44,477,455
pizza/61822.jpg,512,341,pizza,1,14,498,330
hamburger/620632.jpg,512,512,hamburger,36,51,445,463
french_fries/409314.jpg,382,512,french_fries,1,1,377,289
hotdog/212515.jpg,512,384,hotdog,1,8,512,370
pizza/53217.jpg,512,391,pizza,1,22,512,391
sushi/99997.jpg,512,384,sashimi,122,193,478,366
sushi/99997.jpg,512,384,sushi,17,58,274,187
pizza/495892.jpg,512,384,pizza,70,34,418,351
hamburger/298239.jpg,382,512,hamburger,5,100,361,455
hotdog/343270.jpg,512,384,hotdog,235,169,452,330
hotdog/180961.jpg,512,382,hotdog,118,92,341,382
hotdog/180961.jpg,512,382,hotdog,236,59,414,303
hamburger/22923.jpg,512,384,hamburger,143,53,395,340
hamburger/618159.jpg,512,340,hamburger,39,41,446,282
french_fries/474317.jpg,512,512,french_fries,1,9,501,509
sushi/1232045.jpg,512,512,sushi,296,20,459,164
french_fries/610504.jpg,512,384,french_fries,81,115,450,340
hotdog/14043.jpg,512,384,hotdog,26,73,329,315
french_fries/80865.jpg,384,512,french_fries,1,1,379,507
french_fries/423630.jpg,384,512,french_fries,61,102,379,512
hamburger/345291.jpg,382,512,hamburger,72,158,327,380
french_fries/854381.jpg,512,384,french_fries,106,29,453,337
hamburger/557542.jpg,512,512,hamburger,1,116,248,441
french_fries/510464.jpg,512,384,french_fries,49,8,512,279
pizza/465454.jpg,384,512,pizza,28,77,384,503
french_fries/1197437.jpg,512,384,french_fries,1,51,499,333
french_fries/1480588.jpg,512,512,french_fries,126,59,478,505
pizza/56449.jpg,384,512,pizza,24,70,383,400
french_fries/200553.jpg,512,382,french_fries,94,92,484,307
sushi/87187.jpg,383,512,sashimi,18,170,344,448
hamburger/243204.jpg,512,511,hamburger,174,275,428,457
hamburger/406390.jpg,512,306,hamburger,100,41,378,214
hamburger/97917.jpg,512,384,hamburger,124,66,393,308
hamburger/396083.jpg,512,382,hamburger,137,11,439,348
sushi/692180.jpg,384,512,sushi,1,87,384,511
sushi/512203.jpg,512,512,sushi,393,280,499,397
sushi/512203.jpg,512,512,sushi,343,283,512,472
hotdog/48788.jpg,512,384,hotdog,87,96,462,310
pizza/373847.jpg,512,329,pizza,4,3,507,329
sushi/547281.jpg,512,512,sushi,296,351,408,463
hotdog/133012.jpg,382,512,hotdog,64,244,317,418
sushi/1191146.jpg,512,512,sushi,84,172,391,493
hamburger/892777.jpg,512,509,hamburger,1,2,502,496
hamburger/271916.jpg,512,382,hamburger,45,55,452,312
pizza/38349.jpg,512,384,pizza,1,7,512,384
hamburger/70019.jpg,512,384,hamburger,129,76,393,352
hamburger/315121.jpg,512,384,hamburger,77,94,333,308
sushi/507005.jpg,512,512,sashimi,73,266,267,452
sushi/507005.jpg,512,512,sushi,317,154,512,328
pizza/148765.jpg,512,385,pizza,1,9,499,385
hotdog/146227.jpg,384,512,hotdog,46,203,330,351
sushi/302102.jpg,382,512,sashimi,214,269,364,354
sushi/302102.jpg,382,512,sashimi,31,253,366,348
pizza/83538.jpg,512,384,pizza,12,85,487,384
pizza/32004.jpg,512,384,pizza,1,94,511,263
french_fries/1712331.jpg,512,512,french_fries,1,45,499,502
sushi/190125.jpg,512,512,sushi,322,219,409,341
sushi/190125.jpg,512,512,sushi,157,150,298,311
pizza/8917.jpg,512,384,pizza,1,4,512,384
pizza/238843.jpg,512,384,pizza,28,88,512,354
french_fries/1064632.jpg,512,512,french_fries,58,154,443,435
sushi/77209.jpg,512,384,sushi,130,116,346,284
hamburger/821346.jpg,512,306,hamburger,107,12,375,278
hamburger/1013830.jpg,512,289,hamburger,247,30,432,231
pizza/177513.jpg,384,512,pizza,19,56,303,432
sushi/456137.jpg,512,384,sushi,122,45,375,266
pizza/441659.jpg,512,384,pizza,1,4,512,384
hamburger/642418.jpg,512,384,hamburger,150,143,400,368
sushi/1226714.jpg,512,384,sashimi,286,105,382,166
sushi/1226714.jpg,512,384,sushi,323,185,512,293
sushi/1226714.jpg,512,384,sushi,323,229,386,297
sushi/1226714.jpg,512,384,sushi,228,177,298,246
sushi/1226714.jpg,512,384,sushi,181,95,238,166
sushi/1226714.jpg,512,384,sushi,378,101,469,158
hamburger/883801.jpg,512,512,hamburger,195,52,491,271
french_fries/1582025.jpg,512,512,french_fries,1,152,269,344
hotdog/285214.jpg,384,512,hotdog,1,380,235,512
sushi/804460.jpg,512,306,sushi,229,173,306,258
hamburger/91602.jpg,383,512,hamburger,29,143,334,432
pizza/5764.jpg,512,384,pizza,10,84,503,354
sushi/765684.jpg,512,384,sushi,264,230,348,315
sushi/765684.jpg,512,384,sushi,184,227,267,305
sushi/765684.jpg,512,384,sushi,414,188,493,262
sushi/765684.jpg,512,384,sushi,343,218,428,303
sushi/765684.jpg,512,384,sushi,111,214,193,286
pizza/94215.jpg,512,384,pizza,1,56,512,292
sushi/389730.jpg,512,307,sushi,66,88,107,141
sushi/389730.jpg,512,307,sushi,351,160,435,232
sushi/389730.jpg,512,307,sushi,383,70,462,130
sushi/389730.jpg,512,307,sushi,49,50,145,138
sushi/389730.jpg,512,307,sushi,120,17,171,78
hotdog/198641.jpg,512,384,hotdog,272,59,401,343
hotdog/198641.jpg,512,384,hotdog,385,70,512,300
pizza/220910.jpg,382,512,pizza,35,255,349,466
pizza/220910.jpg,382,512,pizza,86,147,315,296
sushi/641262.jpg,512,512,sashimi,141,109,512,397
french_fries/1763119.jpg,512,512,french_fries,3,1,510,509
sushi/325383.jpg,512,384,sushi,324,78,435,235
sushi/325383.jpg,512,384,sashimi,132,230,202,384
sushi/325383.jpg,512,384,sushi,220,166,296,247
pizza/338838.jpg,512,384,pizza,47,60,426,279
french_fries/234706.jpg,512,382,french_fries,49,79,461,265
sushi/1221830.jpg,512,512,sushi,104,243,307,449
sushi/1221830.jpg,512,512,sushi,25,75,399,453
french_fries/535675.jpg,512,512,french_fries,26,222,311,400
sushi/1179238.jpg,512,512,sushi,200,328,347,480
sushi/1179238.jpg,512,512,sushi,30,320,181,471
french_fries/309651.jpg,512,382,french_fries,79,1,443,364
french_fries/361733.jpg,382,512,french_fries,12,70,310,359
hamburger/1230241.jpg,512,384,hamburger,270,67,500,315
french_fries/999328.jpg,512,512,french_fries,1,192,493,509
hamburger/79711.jpg,383,512,hamburger,11,162,316,404
sushi/1012499.jpg,512,512,sushi,298,174,467,316
sushi/1012499.jpg,512,512,sushi,143,197,289,337
sushi/372221.jpg,384,512,sushi,1,273,163,396
sushi/1485536.jpg,512,512,sushi,145,366,235,504
sushi/1485536.jpg,512,512,sushi,231,371,312,512
sushi/1485536.jpg,512,512,sushi,145,292,396,502
pizza/195160.jpg,512,384,pizza,91,146,431,358
pizza/140016.jpg,384,512,pizza,1,141,303,447
sushi/209090.jpg,382,512,sushi,123,259,210,348
sushi/209090.jpg,382,512,sushi,310,267,382,351
sushi/209090.jpg,382,512,sushi,222,266,309,353
hamburger/417861.jpg,512,329,hamburger,16,1,488,329
hotdog/103364.jpg,512,341,hotdog,47,83,512,271
pizza/326809.jpg,382,512,pizza,1,135,382,381
sushi/307738.jpg,512,382,sashimi,272,179,405,303
french_fries/605382.jpg,382,512,french_fries,1,32,374,505
french_fries/1089500.jpg,382,512,french_fries,86,139,302,284
sushi/1152316.jpg,512,512,sushi,97,250,236,379
sushi/1152316.jpg,512,512,sushi,234,273,362,413
sushi/1152316.jpg,512,512,sushi,101,159,206,255
hotdog/97149.jpg,512,384,hotdog,79,55,512,384
pizza/138961.jpg,384,512,pizza,1,276,384,512
hotdog/327851.jpg,384,512,hotdog,172,170,363,449
french_fries/455862.jpg,512,366,french_fries,1,1,468,306
sushi/67007.jpg,512,382,sushi,285,199,409,330
sushi/67007.jpg,512,382,sushi,417,158,512,268
sushi/67007.jpg,512,382,sushi,94,263,241,382
sushi/67007.jpg,512,382,sushi,238,44,317,140
hotdog/183400.jpg,512,384,hotdog,56,114,443,297
hotdog/54585.jpg,512,512,hotdog,179,281,387,487
french_fries/80887.jpg,384,512,french_fries,58,153,379,456
hotdog/287752.jpg,382,512,hotdog,58,72,254,481
hamburger/120612.jpg,512,382,hamburger,193,142,381,312
pizza/232976.jpg,382,512,pizza,1,36,382,485
sushi/301603.jpg,512,341,sushi,197,108,448,326
hamburger/842229.jpg,512,512,hamburger,1,242,119,475
hamburger/1175284.jpg,512,384,hamburger,71,33,370,299
french_fries/292607.jpg,512,341,french_fries,1,1,328,335
french_fries/1215903.jpg,512,512,french_fries,111,161,507,445
hamburger/1038553.jpg,512,512,hamburger,103,60,298,309
sushi/262922.jpg,512,375,sushi,329,188,436,295
sushi/1454741.jpg,512,512,sushi,312,330,380,411
sushi/1454741.jpg,512,512,sushi,447,259,512,339
sushi/1454741.jpg,512,512,sushi,386,238,457,298
sushi/1454741.jpg,512,512,sushi,371,296,438,367
sushi/1454741.jpg,512,512,sushi,251,317,316,395
pizza/89892.jpg,383,512,pizza,87,235,338,498
pizza/89892.jpg,383,512,pizza,72,16,310,238
pizza/430904.jpg,512,512,pizza,1,1,512,512
sushi/308627.jpg,382,512,sushi,1,267,165,414
sushi/308627.jpg,382,512,sushi,202,40,343,278
sushi/308627.jpg,382,512,sushi,196,176,342,280
sushi/308627.jpg,382,512,sushi,1,144,172,408
sushi/1538536.jpg,512,512,sushi,213,307,512,487
sushi/1538536.jpg,512,512,sushi,206,165,478,311
sushi/1538536.jpg,512,512,sushi,211,73,434,180
sushi/1538536.jpg,512,512,sushi,213,4,418,83
sushi/1538536.jpg,512,512,sushi,17,1,141,151
sushi/1434806.jpg,512,512,sushi,364,242,450,312
sushi/1434806.jpg,512,512,sushi,284,244,371,322
sushi/1434806.jpg,512,512,sushi,148,246,220,328
sushi/268990.jpg,384,512,sushi,33,185,121,263
sushi/268990.jpg,384,512,sushi,144,187,240,342
sushi/268990.jpg,384,512,sushi,222,224,316,298
sushi/268990.jpg,384,512,sushi,88,134,169,197
hotdog/106882.jpg,382,512,hotdog,116,1,382,425
hotdog/106882.jpg,382,512,hotdog,1,23,236,486
pizza/387697.jpg,382,512,pizza,1,18,382,512
hamburger/1084912.jpg,512,512,hamburger,2,87,462,427
pizza/415551.jpg,512,382,pizza,4,46,413,320
hamburger/1065477.jpg,512,512,hamburger,16,12,377,444
hamburger/703677.jpg,512,340,hamburger,128,62,358,281
sushi/1494936.jpg,512,512,sashimi,91,166,170,297
sushi/1494936.jpg,512,512,sashimi,187,174,287,297
sushi/1494936.jpg,512,512,sashimi,281,175,401,290
sushi/1494936.jpg,512,512,sashimi,1,173,67,290
sushi/256611.jpg,512,384,sushi,100,111,419,236
sushi/807247.jpg,384,512,sashimi,40,263,248,440
pizza/132554.jpg,384,512,pizza,1,150,274,512
french_fries/1345833.jpg,512,512,french_fries,8,160,512,345
french_fries/1078563.jpg,512,512,french_fries,5,224,504,504
hamburger/629268.jpg,512,512,hamburger,243,26,510,327
hamburger/629268.jpg,512,512,hamburger,1,3,241,341
pizza/82578.jpg,512,384,pizza,1,40,512,340
sushi/272425.jpg,384,512,sushi,70,265,160,354
sushi/272425.jpg,384,512,sushi,157,95,331,218
sushi/272425.jpg,384,512,sushi,70,265,341,402
hotdog/7896.jpg,512,384,hotdog,11,30,512,375
sushi/45517.jpg,384,512,sushi,94,291,184,363
sushi/45517.jpg,384,512,sushi,265,215,342,277
hotdog/45813.jpg,384,512,hotdog,1,158,369,336
pizza/111051.jpg,382,512,pizza,1,143,382,512
french_fries/1510273.jpg,512,512,french_fries,13,38,398,268
hamburger/58431.jpg,512,384,hamburger,62,1,508,351
hamburger/1042117.jpg,512,384,hamburger,57,4,361,376
sushi/1245545.jpg,512,512,sushi,203,259,409,470
hamburger/1105570.jpg,511,512,hamburger,1,45,509,501
hotdog/74931.jpg,384,512,hotdog,72,131,342,471
hamburger/825243.jpg,512,512,hamburger,134,99,459,430
french_fries/1306987.jpg,512,512,french_fries,1,102,505,395
french_fries/925636.jpg,512,512,french_fries,1,151,512,423
french_fries/1009455.jpg,512,512,french_fries,1,118,507,512
hamburger/862582.jpg,512,384,hamburger,75,15,435,351
hamburger/930645.jpg,512,512,hamburger,9,24,473,429
french_fries/670184.jpg,512,512,french_fries,1,35,508,384
french_fries/1267026.jpg,512,512,french_fries,159,101,389,418
hotdog/219273.jpg,512,384,hotdog,36,41,439,196
hotdog/219273.jpg,512,384,hotdog,26,196,454,384
hamburger/700343.jpg,512,384,hamburger,32,93,218,280
french_fries/489152.jpg,382,512,french_fries,2,137,382,469
hamburger/166940.jpg,343,512,hamburger,1,193,290,497
hotdog/200438.jpg,512,342,hotdog,83,19,476,323
french_fries/143685.jpg,384,512,french_fries,60,77,276,232
french_fries/672487.jpg,512,512,french_fries,1,12,507,293
hotdog/80701.jpg,384,512,hotdog,125,101,285,376
french_fries/1008945.jpg,512,512,french_fries,5,30,504,511
sushi/511665.jpg,512,384,sushi,10,161,184,295
sushi/511665.jpg,512,384,sushi,200,146,347,301
sushi/1091402.jpg,512,383,sushi,175,21,239,92
sushi/1091402.jpg,512,383,sushi,400,56,472,132
french_fries/587882.jpg,512,341,french_fries,1,7,478,323
hotdog/56607.jpg,512,384,hotdog,165,37,391,331
hamburger/554363.jpg,512,512,hamburger,1,99,332,512
sushi/898089.jpg,512,393,sashimi,73,260,301,351
sushi/898089.jpg,512,393,sushi,361,113,451,225
sushi/898089.jpg,512,393,sashimi,239,216,428,304
sushi/603976.jpg,512,512,sushi,209,190,435,424
sushi/672863.jpg,512,384,sushi,34,192,162,325
sushi/672863.jpg,512,384,sushi,253,146,365,253
sushi/672863.jpg,512,384,sushi,134,146,240,243
hotdog/93647.jpg,384,512,hotdog,15,228,366,350
hotdog/259058.jpg,512,384,hotdog,136,27,383,130
hotdog/259058.jpg,512,384,hotdog,39,189,511,383
hotdog/211824.jpg,382,512,hotdog,166,268,274,427
hotdog/211824.jpg,382,512,hotdog,287,250,382,400
hamburger/624980.jpg,512,512,hamburger,30,80,488,444
hotdog/388827.jpg,512,384,hotdog,43,103,202,322
hotdog/388827.jpg,512,384,hotdog,144,109,281,321
sushi/1063794.jpg,384,512,sushi,65,294,177,401
hamburger/402200.jpg,382,512,hamburger,1,96,379,459
french_fries/1437118.jpg,512,512,french_fries,195,153,435,512
french_fries/1653893.jpg,512,512,french_fries,2,206,512,496
hamburger/440931.jpg,512,512,hamburger,50,129,466,512
sushi/45516.jpg,384,512,sushi,121,178,180,227
sushi/45516.jpg,384,512,sushi,49,357,182,458
sushi/45516.jpg,384,512,sushi,212,390,384,499
sushi/1109235.jpg,512,384,sashimi,141,129,411,293
sushi/512768.jpg,512,384,sushi,160,293,277,384
sushi/512768.jpg,512,384,sushi,367,254,425,326
sushi/512768.jpg,512,384,sushi,288,285,360,354
hamburger/166566.jpg,382,512,hamburger,47,163,382,442
french_fries/1033213.jpg,512,512,french_fries,1,23,510,508
sushi/592581.jpg,512,512,sushi,137,306,280,437
sushi/592581.jpg,512,512,sushi,281,316,418,436
sushi/592581.jpg,512,512,sushi,1,296,119,446
pizza/98607.jpg,512,384,pizza,1,19,497,384
hotdog/42339.jpg,512,384,hotdog,252,103,399,250
hotdog/42339.jpg,512,384,hotdog,106,107,263,252
hamburger/697639.jpg,512,384,hamburger,141,43,467,340
hamburger/109961.jpg,512,382,hamburger,59,1,476,310
sushi/465380.jpg,512,512,sushi,189,61,467,188
sushi/465380.jpg,512,512,sushi,185,118,264,184
sushi/465380.jpg,512,512,sushi,263,116,333,183
sushi/465380.jpg,512,512,sashimi,179,329,322,417
sushi/465380.jpg,512,512,sashimi,4,252,177,391
sushi/465380.jpg,512,512,sushi,244,222,364,286
sushi/465380.jpg,512,512,sushi,242,173,357,229
pizza/398812.jpg,512,382,pizza,1,31,512,355
french_fries/1071481.jpg,512,341,french_fries,8,30,444,325
sushi/512141.jpg,512,512,sushi,132,323,319,512
sushi/512141.jpg,512,512,sushi,306,314,475,473
sushi/512141.jpg,512,512,sushi,108,2,470,512
sushi/692740.jpg,512,512,sushi,225,294,393,437
hamburger/110991.jpg,512,382,hamburger,1,64,328,303
pizza/300157.jpg,512,382,pizza,216,53,512,339
hamburger/45547.jpg,512,384,hamburger,38,167,290,384
french_fries/753350.jpg,512,512,french_fries,1,19,504,508
sushi/608219.jpg,512,512,sashimi,151,400,372,512
sushi/608219.jpg,512,512,sushi,46,314,165,499
french_fries/1327248.jpg,512,512,french_fries,98,44,322,403
french_fries/649848.jpg,512,512,french_fries,1,74,498,393
pizza/393658.jpg,512,383,pizza,114,133,322,363
hamburger/868903.jpg,512,512,hamburger,47,23,512,439
sushi/710379.jpg,512,512,sushi,80,221,371,337
sushi/710379.jpg,512,512,sushi,288,220,370,334
french_fries/1316819.jpg,512,512,french_fries,5,1,506,506
hotdog/224850.jpg,512,384,hotdog,146,1,337,336
french_fries/571720.jpg,512,512,french_fries,2,1,505,510
pizza/226472.jpg,512,382,pizza,33,10,485,382
french_fries/147628.jpg,384,512,french_fries,1,21,378,509
sushi/948335.jpg,512,511,sushi,1,249,120,366
sushi/948335.jpg,512,511,sushi,316,207,512,367
sushi/948335.jpg,512,511,sushi,1,134,146,258
sushi/948335.jpg,512,511,sushi,105,245,272,405
hotdog/295307.jpg,512,306,hotdog,126,164,375,284
hotdog/109379.jpg,512,382,hotdog,92,84,512,373
sushi/1416837.jpg,512,381,sushi,75,134,146,206
sushi/1416837.jpg,512,381,sushi,1,102,142,203
sushi/1416837.jpg,512,381,sushi,153,120,218,191
sushi/1416837.jpg,512,381,sushi,389,124,449,191
sushi/1416837.jpg,512,381,sushi,174,241,258,317
sushi/1416837.jpg,512,381,sushi,311,229,384,313
sushi/1416837.jpg,512,381,sushi,98,10,400,93
french_fries/168924.jpg,512,512,french_fries,91,44,441,494
hotdog/84383.jpg,512,384,hotdog,1,137,512,338
french_fries/344097.jpg,382,512,french_fries,58,113,355,370
pizza/430118.jpg,512,512,pizza,1,1,512,512
hotdog/138933.jpg,382,512,hotdog,42,75,329,464
french_fries/184954.jpg,384,512,french_fries,16,1,359,429
sushi/1005352.jpg,512,306,sushi,61,141,157,235
sushi/1005352.jpg,512,306,sushi,222,113,376,223
hotdog/112692.jpg,512,342,hotdog,1,25,509,342
hamburger/245244.jpg,512,415,hamburger,87,103,252,279
french_fries/1740113.jpg,512,512,french_fries,1,66,489,402
sushi/46797.jpg,512,384,sashimi,1,110,118,309
sushi/46797.jpg,512,384,sashimi,118,83,274,256
french_fries/267713.jpg,384,512,french_fries,10,78,360,512
pizza/216720.jpg,384,512,pizza,9,45,379,448
sushi/689122.jpg,333,512,sushi,27,224,191,389
sushi/1565619.jpg,512,384,sushi,247,187,304,256
sushi/1565619.jpg,512,384,sushi,304,191,353,256
sushi/1565619.jpg,512,384,sushi,351,196,410,267
sushi/1565619.jpg,512,384,sushi,407,193,455,261
sushi/1565619.jpg,512,384,sashimi,171,215,264,336
sushi/376382.jpg,512,382,sashimi,180,238,411,327
sushi/376382.jpg,512,382,sashimi,88,195,190,255
hamburger/543722.jpg,512,512,hamburger,194,1,511,414
french_fries/525330.jpg,512,512,french_fries,2,1,510,422
pizza/350358.jpg,384,512,pizza,1,125,384,433
sushi/1130590.jpg,512,512,sushi,284,359,360,443
french_fries/296611.jpg,512,384,french_fries,2,17,512,372
pizza/395034.jpg,512,384,pizza,1,15,512,384
pizza/218142.jpg,382,512,pizza,1,87,382,435
hotdog/27044.jpg,384,512,hotdog,195,57,384,477
hotdog/27044.jpg,384,512,hotdog,1,80,201,512
hamburger/184751.jpg,382,512,hamburger,33,127,297,372
hamburger/922386.jpg,512,384,hamburger,126,82,368,293
french_fries/204100.jpg,383,512,french_fries,97,75,383,244
french_fries/1273478.jpg,512,339,french_fries,56,117,414,303
pizza/96357.jpg,512,384,pizza,79,40,452,351
pizza/228778.jpg,382,512,pizza,32,174,372,457
french_fries/1191743.jpg,512,512,french_fries,120,97,461,435
french_fries/577360.jpg,512,511,french_fries,43,61,512,226
sushi/182069.jpg,512,384,sushi,176,250,342,378
hamburger/1276246.jpg,512,289,hamburger,131,1,383,180
sushi/1115131.jpg,512,512,sushi,96,322,267,483
hamburger/639977.jpg,512,512,hamburger,1,8,512,494
hotdog/127117.jpg,512,341,hotdog,139,136,379,300
hotdog/76331.jpg,341,512,hotdog,32,192,317,476
hotdog/61252.jpg,512,341,hotdog,39,94,475,318
sushi/136178.jpg,512,384,sushi,239,128,283,202
sushi/136178.jpg,512,384,sushi,401,226,458,305
sushi/136178.jpg,512,384,sushi,353,203,401,277
sushi/136178.jpg,512,384,sushi,268,56,310,125
hotdog/91869.jpg,512,383,hotdog,314,121,511,299
hotdog/91869.jpg,512,383,hotdog,50,170,206,316
hamburger/608198.jpg,512,512,hamburger,205,110,512,457
pizza/61656.jpg,384,512,pizza,1,74,384,512
hamburger/607735.jpg,384,512,hamburger,11,1,338,333
hotdog/93944.jpg,512,382,hotdog,1,62,489,284
hotdog/125329.jpg,384,512,hotdog,1,159,384,512
hamburger/950766.jpg,512,512,hamburger,98,108,391,362
pizza/82772.jpg,512,384,pizza,24,115,444,316
pizza/448519.jpg,511,512,pizza,20,22,489,495
pizza/271779.jpg,382,512,pizza,1,106,382,447
hotdog/371082.jpg,382,512,hotdog,35,123,361,406
pizza/271675.jpg,512,384,pizza,62,66,512,254
hamburger/100057.jpg,512,382,hamburger,50,46,335,322
pizza/134462.jpg,512,382,pizza,1,103,512,382
pizza/296426.jpg,382,512,pizza,1,104,382,428
hotdog/336873.jpg,512,384,hotdog,26,68,490,348
hamburger/423924.jpg,512,512,hamburger,30,114,364,436
sushi/81104.jpg,384,512,sashimi,1,224,326,381
pizza/233143.jpg,512,384,pizza,85,3,464,384
sushi/1251166.jpg,512,512,sushi,101,105,196,206
sushi/1251166.jpg,512,512,sushi,241,221,320,302
pizza/194643.jpg,382,512,pizza,1,109,382,463
hamburger/697480.jpg,512,384,hamburger,47,5,463,317
hamburger/236924.jpg,512,342,hamburger,1,3,311,329
french_fries/845350.jpg,512,512,french_fries,1,33,512,490
pizza/380739.jpg,512,382,pizza,1,1,512,382
hamburger/629010.jpg,512,512,hamburger,2,30,508,423
french_fries/847042.jpg,512,384,french_fries,150,97,479,350
hamburger/448484.jpg,512,512,hamburger,49,55,503,444
pizza/121960.jpg,512,384,pizza,15,114,481,310
hamburger/992590.jpg,512,384,hamburger,107,8,427,328
pizza/299535.jpg,512,382,pizza,289,52,512,339
pizza/299535.jpg,512,382,pizza,1,55,261,376
pizza/218711.jpg,382,512,pizza,1,106,142,252
pizza/218711.jpg,382,512,pizza,1,97,382,512
hotdog/138937.jpg,382,512,hotdog,45,1,332,512
pizza/282013.jpg,382,512,pizza,11,82,382,456
sushi/69594.jpg,384,512,sushi,189,293,355,466
sushi/243284.jpg,512,384,sushi,67,65,444,276
sushi/243284.jpg,512,384,sushi,197,153,317,275
sushi/243284.jpg,512,384,sushi,67,153,197,279
sushi/677263.jpg,512,288,sashimi,134,95,481,284
french_fries/166821.jpg,512,382,french_fries,51,119,461,270
sushi/1231094.jpg,384,512,sushi,106,194,220,335
sushi/1231094.jpg,384,512,sushi,1,179,106,314
pizza/349946.jpg,384,512,pizza,64,176,384,484
french_fries/108743.jpg,512,384,french_fries,163,127,443,383
sushi/923340.jpg,512,383,sushi,186,262,264,343
sushi/923340.jpg,512,383,sushi,73,242,171,323
sushi/456718.jpg,512,512,sushi,41,347,232,512
sushi/456718.jpg,512,512,sushi,207,29,440,195
sushi/456718.jpg,512,512,sushi,1,130,193,499
pizza/131561.jpg,384,512,pizza,5,74,384,368
hotdog/302949.jpg,512,406,hotdog,39,64,286,406
hotdog/302949.jpg,512,406,hotdog,169,16,396,330
hotdog/302949.jpg,512,406,hotdog,291,18,512,382
hotdog/302949.jpg,512,406,hotdog,416,22,512,292
french_fries/89974.jpg,383,512,french_fries,1,32,383,508
sushi/688994.jpg,384,512,sushi,81,235,186,347
sushi/688994.jpg,384,512,sashimi,199,282,341,352
pizza/143453.jpg,382,512,pizza,1,1,324,512
french_fries/1596441.jpg,512,512,french_fries,1,141,512,510
french_fries/1112960.jpg,512,512,french_fries,112,1,512,456
french_fries/1394977.jpg,512,383,french_fries,3,21,508,379
pizza/395662.jpg,512,382,pizza,88,36,428,331
sushi/1063569.jpg,384,512,sushi,38,279,225,490
pizza/106507.jpg,382,512,pizza,2,61,375,429
pizza/221048.jpg,512,342,pizza,17,1,512,307
french_fries/1580419.jpg,512,512,french_fries,192,28,408,360
hotdog/108287.jpg,512,384,hotdog,1,69,497,321
sushi/277935.jpg,512,384,sushi,240,232,376,350
sushi/277935.jpg,512,384,sashimi,15,223,244,301
sushi/277935.jpg,512,384,sashimi,1,145,141,219
pizza/384215.jpg,512,382,pizza,15,45,493,346
sushi/1224859.jpg,512,384,sushi,66,168,153,245
sushi/1224859.jpg,512,384,sushi,371,140,455,211
sushi/623621.jpg,512,512,sushi,144,153,218,224
sushi/623621.jpg,512,512,sushi,80,160,145,239
sushi/623621.jpg,512,512,sushi,241,99,327,158
sushi/623621.jpg,512,512,sashimi,225,158,318,229
french_fries/1438129.jpg,512,512,french_fries,41,5,396,494
hamburger/76817.jpg,512,384,hamburger,38,1,309,271
sushi/700405.jpg,512,384,sashimi,131,230,240,285
french_fries/502232.jpg,512,512,french_fries,1,1,511,509
sushi/404790.jpg,512,382,sushi,26,134,477,243
sushi/404790.jpg,512,382,sushi,401,153,474,238
pizza/27963.jpg,512,384,pizza,41,20,462,372
french_fries/765816.jpg,512,512,french_fries,1,1,505,509
hotdog/47936.jpg,512,384,hotdog,106,130,512,290
sushi/926416.jpg,512,512,sushi,190,357,288,458
sushi/926416.jpg,512,512,sushi,149,66,223,142
hamburger/438537.jpg,512,512,hamburger,44,151,261,392
french_fries/1636661.jpg,509,512,french_fries,72,209,447,456
pizza/253127.jpg,512,342,pizza,31,56,477,342
french_fries/123902.jpg,512,382,french_fries,77,70,303,278
pizza/144631.jpg,512,384,pizza,1,4,512,384
french_fries/820107.jpg,512,384,french_fries,1,4,509,380
hamburger/1175221.jpg,512,384,hamburger,86,22,386,290
sushi/938689.jpg,512,512,sashimi,250,369,375,511
sushi/938689.jpg,512,512,sashimi,254,199,412,320
sushi/938689.jpg,512,512,sashimi,98,102,226,200
sushi/14046.jpg,512,384,sushi,359,115,511,296
french_fries/338101.jpg,384,512,french_fries,37,167,364,359
pizza/248199.jpg,512,382,pizza,1,36,512,380
hotdog/352638.jpg,512,382,hotdog,1,11,419,372
pizza/52934.jpg,384,512,pizza,1,20,384,496
french_fries/1361604.jpg,512,512,french_fries,1,1,509,508
hotdog/133245.jpg,512,384,hotdog,19,39,281,340
hotdog/133245.jpg,512,384,hotdog,289,25,499,307
hotdog/84411.jpg,384,512,hotdog,105,102,341,452
hamburger/243709.jpg,512,384,hamburger,50,130,255,360
hamburger/243709.jpg,512,384,hamburger,260,110,505,313
french_fries/1692647.jpg,512,512,french_fries,29,1,442,511
sushi/472912.jpg,512,382,sushi,254,1,449,170
sushi/472912.jpg,512,382,sushi,303,201,512,363
sushi/472912.jpg,512,382,sushi,12,287,328,382
sushi/472912.jpg,512,382,sushi,1,30,210,294
french_fries/655989.jpg,512,512,french_fries,1,38,507,509
sushi/988559.jpg,512,288,sushi,22,67,212,264
sushi/958929.jpg,512,289,sushi,175,185,278,289
sushi/958929.jpg,512,289,sushi,275,192,380,289
sushi/958929.jpg,512,289,sushi,75,113,152,196
sushi/958929.jpg,512,289,sushi,6,100,82,191
sushi/958929.jpg,512,289,sushi,364,130,446,215
french_fries/999957.jpg,512,512,french_fries,1,2,508,509
french_fries/370033.jpg,384,512,french_fries,1,40,381,509
hamburger/732473.jpg,512,384,hamburger,1,1,457,275
french_fries/1192860.jpg,512,512,french_fries,108,59,512,459
pizza/401979.jpg,384,512,pizza,15,229,334,512
french_fries/1337228.jpg,512,512,french_fries,73,147,512,430
sushi/175783.jpg,512,382,sushi,256,61,430,274
sushi/175783.jpg,512,382,sushi,112,68,260,287
hamburger/13641.jpg,384,512,hamburger,1,125,237,486
french_fries/1257345.jpg,512,383,french_fries,3,77,512,382
sushi/705208.jpg,512,512,sushi,87,160,199,250
sushi/705208.jpg,512,512,sushi,346,226,457,337
pizza/476421.jpg,512,384,pizza,44,95,481,280
sushi/767700.jpg,512,512,sushi,201,322,402,512
sushi/767700.jpg,512,512,sashimi,5,235,210,371
french_fries/1388756.jpg,512,512,french_fries,2,164,507,508
hamburger/1029228.jpg,511,512,hamburger,12,1,510,486
french_fries/887149.jpg,512,511,french_fries,13,123,508,482
french_fries/1258546.jpg,512,306,french_fries,9,17,511,280
french_fries/823649.jpg,512,512,french_fries,2,1,231,510
sushi/561135.jpg,512,512,sushi,67,219,206,331
sushi/561135.jpg,512,512,sushi,224,361,327,481
sushi/561135.jpg,512,512,sushi,141,337,233,462
sushi/561135.jpg,512,512,sushi,63,132,157,224
french_fries/914564.jpg,512,512,french_fries,1,55,320,407
french_fries/530277.jpg,512,512,french_fries,41,5,446,512
pizza/337272.jpg,384,512,pizza,1,92,384,444
pizza/312479.jpg,512,384,pizza,1,48,512,342
hamburger/157688.jpg,512,382,hamburger,76,1,420,335
sushi/1528357.jpg,512,512,sushi,409,302,491,414
sushi/1528357.jpg,512,512,sushi,145,47,442,177
sushi/1528357.jpg,512,512,sushi,81,303,169,413
sushi/1528357.jpg,512,512,sushi,244,300,327,417
hamburger/162789.jpg,512,341,hamburger,18,1,320,317
french_fries/100148.jpg,512,384,french_fries,192,67,478,368
french_fries/1384733.jpg,512,512,french_fries,1,1,507,509
sushi/1203702.jpg,512,306,sushi,85,148,207,276
french_fries/1177340.jpg,384,512,french_fries,1,19,381,400
sushi/1368498.jpg,512,384,sushi,268,208,411,341
sushi/1368498.jpg,512,384,sushi,89,192,217,317
sushi/1368498.jpg,512,384,sushi,292,50,402,156
pizza/382829.jpg,512,384,pizza,1,16,508,354
french_fries/904510.jpg,512,384,french_fries,2,120,285,352
sushi/166134.jpg,382,512,sushi,118,271,178,341
sushi/166134.jpg,382,512,sushi,127,166,221,292
french_fries/1642141.jpg,512,512,french_fries,1,127,341,458
french_fries/612646.jpg,512,370,french_fries,1,6,509,340
hamburger/350854.jpg,512,384,hamburger,62,1,393,304
french_fries/211973.jpg,384,512,french_fries,1,9,383,298
hamburger/339829.jpg,512,382,hamburger,116,32,428,320
sushi/1122280.jpg,512,512,sushi,102,185,248,299
sushi/1122280.jpg,512,512,sushi,416,208,512,347
sushi/1122280.jpg,512,512,sushi,275,180,420,294
sushi/1404080.jpg,512,384,sushi,152,144,303,312
sushi/1404080.jpg,512,384,sushi,344,109,489,276
sushi/14316.jpg,512,384,sushi,6,58,296,341
sushi/584916.jpg,512,512,sushi,117,299,266,487
sushi/584916.jpg,512,512,sushi,265,307,410,512
sushi/584916.jpg,512,512,sushi,372,119,512,235
french_fries/1008163.jpg,512,512,french_fries,3,76,508,512
french_fries/622359.jpg,512,512,french_fries,11,49,424,423
sushi/5437.jpg,512,384,sashimi,1,126,145,235
sushi/5437.jpg,512,384,sashimi,138,156,310,285
sushi/5437.jpg,512,384,sashimi,392,97,512,231
sushi/522323.jpg,512,382,sashimi,173,189,439,377
sushi/522323.jpg,512,382,sashimi,1,179,113,382
sushi/522323.jpg,512,382,sushi,28,70,389,198
french_fries/1523716.jpg,512,512,french_fries,6,75,512,510
hamburger/22093.jpg,384,512,hamburger,113,144,384,444
french_fries/164288.jpg,512,512,french_fries,1,14,0,15
pizza/327415.jpg,512,382,pizza,124,56,499,325
french_fries/659984.jpg,512,512,french_fries,1,3,507,509
hamburger/40675.jpg,384,512,hamburger,1,67,384,476
hotdog/144956.jpg,512,384,hotdog,139,17,462,353
french_fries/302329.jpg,512,340,french_fries,35,18,512,325
hotdog/391898.jpg,512,512,hotdog,1,1,512,512
hamburger/247640.jpg,512,384,hamburger,247,77,512,322
french_fries/1708934.jpg,512,512,french_fries,1,61,284,332
pizza/274945.jpg,382,512,pizza,1,140,382,340
sushi/616055.jpg,512,512,sushi,1,59,502,508
pizza/65128.jpg,512,384,pizza,1,90,493,332
french_fries/872441.jpg,512,512,french_fries,1,12,509,509
french_fries/614545.jpg,512,512,french_fries,163,139,505,512
hotdog/106222.jpg,384,512,hotdog,34,86,211,431
hotdog/106222.jpg,384,512,hotdog,194,128,362,476
french_fries/1505018.jpg,512,512,french_fries,1,72,499,460
french_fries/366349.jpg,512,340,french_fries,75,2,511,318
pizza/420409.jpg,512,384,pizza,47,77,512,367
sushi/89467.jpg,512,383,sushi,189,252,291,382
sushi/89467.jpg,512,383,sushi,295,211,388,317
hamburger/447012.jpg,512,382,hamburger,6,39,502,382
hotdog/91857.jpg,512,384,hotdog,50,1,488,357
sushi/23060.jpg,512,384,sushi,110,108,275,179
sushi/23060.jpg,512,384,sushi,106,122,176,181
hotdog/289042.jpg,512,341,hotdog,76,30,229,306
hotdog/289042.jpg,512,341,hotdog,222,14,445,296
hotdog/5079.jpg,512,384,hotdog,88,64,512,384
french_fries/1787600.jpg,512,512,french_fries,120,80,478,441
french_fries/1656352.jpg,512,512,french_fries,49,88,510,512
hotdog/85154.jpg,512,384,hotdog,22,117,512,331
sushi/715227.jpg,512,384,sushi,70,230,132,311
sushi/715227.jpg,512,384,sashimi,146,285,271,338
sushi/715227.jpg,512,384,sushi,11,226,72,301
pizza/29417.jpg,384,512,pizza,1,111,384,512
hotdog/98515.jpg,512,342,hotdog,73,152,272,309
pizza/242813.jpg,383,512,pizza,1,73,336,368
hotdog/82094.jpg,384,512,hotdog,20,183,367,354
hotdog/82094.jpg,384,512,hotdog,16,28,384,190
hotdog/82094.jpg,384,512,hotdog,5,331,361,511
french_fries/1131104.jpg,512,384,french_fries,43,25,441,303
pizza/447914.jpg,384,512,pizza,1,1,384,494
french_fries/1080215.jpg,512,512,french_fries,1,1,505,511
hamburger/724367.jpg,512,341,hamburger,117,48,304,246
french_fries/1469308.jpg,512,382,french_fries,159,1,453,250
pizza/77677.jpg,384,512,pizza,1,1,384,512
sushi/236098.jpg,512,384,sushi,12,220,131,338
sushi/236098.jpg,512,384,sushi,254,209,358,325
sushi/236098.jpg,512,384,sushi,313,110,508,190
sushi/236098.jpg,512,384,sushi,12,159,132,336
pizza/244505.jpg,512,382,pizza,1,1,512,382
hotdog/165005.jpg,382,512,hotdog,20,16,382,468
french_fries/806895.jpg,384,512,french_fries,1,37,352,509
hotdog/373020.jpg,512,384,hotdog,22,117,474,381
pizza/398565.jpg,384,512,pizza,1,1,384,512
hamburger/591221.jpg,512,384,hamburger,171,31,451,359
sushi/5445.jpg,512,384,sushi,74,215,325,383
sushi/5445.jpg,512,384,sushi,64,271,149,375
sushi/5445.jpg,512,384,sushi,145,267,231,372
sushi/5445.jpg,512,384,sushi,229,272,323,380
sushi/68297.jpg,512,384,sashimi,79,122,445,204
sushi/68297.jpg,512,384,sushi,158,26,346,128
pizza/452989.jpg,512,509,pizza,16,73,489,488
pizza/452989.jpg,512,509,pizza,17,18,488,171
hamburger/503145.jpg,512,384,hamburger,1,14,311,329
hamburger/172005.jpg,384,512,hamburger,53,67,319,358
hotdog/111028.jpg,512,288,hotdog,26,16,456,266
pizza/220190.jpg,382,512,pizza,1,228,259,508
pizza/220190.jpg,382,512,pizza,1,1,371,229
french_fries/796870.jpg,512,512,french_fries,28,20,506,404
hotdog/1685250.jpg,512,512,hotdog,65,1,463,512
hamburger/509480.jpg,512,382,hamburger,43,9,445,321
sushi/281578.jpg,512,382,sushi,250,225,431,308
hamburger/828367.jpg,512,512,hamburger,37,108,505,506
french_fries/487354.jpg,512,512,french_fries,5,1,508,507
hamburger/1192222.jpg,512,341,hamburger,100,39,411,305
sushi/342164.jpg,382,512,sashimi,31,160,142,275
sushi/342164.jpg,382,512,sushi,137,178,223,328
sushi/342164.jpg,382,512,sashimi,256,169,345,287
french_fries/1810007.jpg,512,512,french_fries,305,122,512,512
hotdog/76904.jpg,512,384,hotdog,110,21,373,294
hamburger/339960.jpg,512,382,hamburger,222,127,396,307
pizza/419516.jpg,512,512,pizza,134,15,417,446
sushi/458123.jpg,512,384,sashimi,124,55,424,371
hamburger/1175395.jpg,512,384,hamburger,237,79,461,301
french_fries/275673.jpg,384,512,french_fries,88,1,343,451
pizza/54540.jpg,384,512,pizza,1,70,384,459
pizza/419962.jpg,342,512,pizza,1,70,342,505
pizza/132484.jpg,512,382,pizza,1,42,512,382
french_fries/992636.jpg,512,512,french_fries,1,2,508,504
hamburger/986085.jpg,512,340,hamburger,89,52,454,335
pizza/259449.jpg,512,382,pizza,33,1,481,382
pizza/169318.jpg,512,434,pizza,1,85,512,434
sushi/861296.jpg,512,384,sushi,247,179,456,323
french_fries/85375.jpg,383,512,french_fries,40,180,362,504
french_fries/51678.jpg,384,512,french_fries,23,1,377,507
pizza/467986.jpg,512,512,pizza,1,1,512,512
french_fries/110385.jpg,384,512,french_fries,1,106,384,470
sushi/1209865.jpg,512,512,sushi,262,352,461,512
sushi/1209865.jpg,512,512,sushi,1,289,140,456
french_fries/1648775.jpg,512,512,french_fries,79,58,370,409
pizza/129536.jpg,384,512,pizza,17,31,323,508
sushi/1280119.jpg,512,512,sushi,330,365,472,503
hamburger/145378.jpg,512,384,hamburger,185,173,387,384
french_fries/153648.jpg,512,382,french_fries,60,103,451,338
sushi/709321.jpg,512,512,sashimi,20,280,375,512
french_fries/714775.jpg,512,384,french_fries,44,27,435,316
sushi/464276.jpg,512,508,sashimi,88,255,225,471
sushi/464276.jpg,512,508,sashimi,213,228,353,466
sushi/464276.jpg,512,508,sushi,330,223,484,413
pizza/401701.jpg,382,512,pizza,62,45,330,398
pizza/309892.jpg,512,333,pizza,101,33,417,211
french_fries/303809.jpg,512,384,french_fries,1,33,510,369
french_fries/1577236.jpg,512,512,french_fries,123,51,385,417
hotdog/127252.jpg,382,512,hotdog,1,119,382,341
hotdog/127252.jpg,382,512,hotdog,1,1,382,124
sushi/1193742.jpg,512,512,sushi,20,390,121,505
sushi/1193742.jpg,512,512,sushi,120,395,212,506
sushi/1193742.jpg,512,512,sushi,230,104,357,218
sushi/1193742.jpg,512,512,sashimi,227,243,292,379
hotdog/115434.jpg,382,512,hotdog,1,126,254,282
hotdog/115434.jpg,382,512,hotdog,1,284,229,460
hotdog/115434.jpg,382,512,hotdog,247,10,382,325
hotdog/115434.jpg,382,512,hotdog,1,1,287,125
french_fries/333385.jpg,512,511,french_fries,37,114,508,377
hamburger/593030.jpg,512,512,hamburger,24,93,436,489
hamburger/216853.jpg,512,382,hamburger,1,26,454,354
hotdog/1682532.jpg,512,512,hotdog,40,1,438,496
french_fries/1426779.jpg,512,512,french_fries,1,107,414,352
sushi/257295.jpg,512,308,sushi,8,25,164,133
sushi/257295.jpg,512,308,sashimi,71,131,232,305
pizza/344397.jpg,512,342,pizza,1,1,512,301
hamburger/1208447.jpg,512,512,hamburger,1,60,500,506
pizza/175626.jpg,382,512,pizza,1,28,382,512
sushi/500533.jpg,512,512,sashimi,91,318,169,429
sushi/500533.jpg,512,512,sashimi,373,325,437,437
sushi/500533.jpg,512,512,sushi,429,104,512,417
sushi/500533.jpg,512,512,sushi,1,97,57,410
sushi/500533.jpg,512,512,sashimi,55,97,433,191
sushi/500533.jpg,512,512,sashimi,51,319,433,416
french_fries/1150103.jpg,512,512,french_fries,1,1,510,508
sushi/192081.jpg,512,384,sushi,337,212,496,363
sushi/192081.jpg,512,384,sushi,1,125,309,248
french_fries/1238390.jpg,512,512,french_fries,2,1,506,505
hamburger/747666.jpg,379,512,hamburger,160,61,379,341
french_fries/201362.jpg,512,512,french_fries,1,59,481,494
hotdog/300150.jpg,382,512,hotdog,4,151,382,427
sushi/1200222.jpg,306,512,sashimi,174,94,292,492
hotdog/238581.jpg,382,512,hotdog,1,18,329,512
sushi/390178.jpg,512,384,sushi,24,147,160,287
sushi/390178.jpg,512,384,sushi,26,144,361,280
hamburger/272642.jpg,382,512,hamburger,7,76,195,262
french_fries/1295274.jpg,512,512,french_fries,1,1,498,509
sushi/118394.jpg,512,384,sushi,68,138,133,208
hamburger/138330.jpg,512,384,hamburger,263,31,506,278
sushi/414450.jpg,512,306,sushi,31,30,474,281
hamburger/29455.jpg,384,512,hamburger,77,128,384,453
hamburger/378487.jpg,384,512,hamburger,74,45,384,355
hamburger/50638.jpg,512,384,hamburger,225,79,431,221
hotdog/34679.jpg,512,384,hotdog,30,1,492,384
french_fries/852271.jpg,512,512,french_fries,1,2,508,509
hotdog/152106.jpg,512,384,hotdog,61,84,408,278
french_fries/541592.jpg,512,512,french_fries,32,1,375,511
hamburger/1260356.jpg,512,512,hamburger,128,1,512,502
pizza/139987.jpg,512,384,pizza,12,17,444,361
french_fries/1060646.jpg,512,506,french_fries,48,38,482,455
sushi/198119.jpg,382,512,sushi,40,426,112,506
sushi/198119.jpg,382,512,sushi,87,247,208,323
sushi/198119.jpg,382,512,sushi,268,273,340,330
french_fries/1165966.jpg,505,512,french_fries,1,2,502,510
sushi/45515.jpg,384,512,sushi,1,240,88,329
sushi/45515.jpg,384,512,sushi,162,1,267,209
sushi/45515.jpg,384,512,sushi,1,168,70,236
hotdog/388733.jpg,512,382,hotdog,84,29,466,310
sushi/148918.jpg,382,512,sushi,31,275,167,413
sushi/148918.jpg,382,512,sushi,95,338,167,409
sushi/148918.jpg,382,512,sushi,95,278,164,336
sushi/148918.jpg,382,512,sushi,28,340,95,413
sushi/843815.jpg,512,512,sushi,60,141,134,227
sushi/843815.jpg,512,512,sushi,148,30,273,115
sushi/843815.jpg,512,512,sushi,280,76,399,180
hamburger/1122669.jpg,512,512,hamburger,99,52,476,502
hamburger/583603.jpg,512,512,hamburger,81,27,433,193
french_fries/1049122.jpg,512,382,french_fries,53,125,440,321
hamburger/816775.jpg,512,512,hamburger,23,21,496,509
french_fries/391896.jpg,512,512,french_fries,160,53,512,508
french_fries/913020.jpg,512,512,french_fries,1,1,505,509
hamburger/256294.jpg,512,382,hamburger,160,107,416,382
pizza/34632.jpg,512,384,pizza,1,64,512,384
sushi/451413.jpg,512,512,sashimi,1,309,213,512
sushi/451413.jpg,512,512,sashimi,348,308,508,512
sushi/451413.jpg,512,512,sushi,218,294,319,404
sushi/451413.jpg,512,512,sushi,297,241,383,347
sushi/451413.jpg,512,512,sushi,173,163,232,241
sushi/451413.jpg,512,512,sushi,224,126,289,214
sushi/451413.jpg,512,512,sushi,287,174,365,243
sushi/451413.jpg,512,512,sashimi,295,69,442,187
sushi/1358203.jpg,512,512,sushi,79,265,378,512
sushi/1358203.jpg,512,512,sushi,133,2,402,332
pizza/320570.jpg,382,512,pizza,1,137,382,419
pizza/140031.jpg,512,384,pizza,13,55,497,356
hamburger/782295.jpg,306,512,hamburger,119,263,280,425
pizza/352051.jpg,382,512,pizza,1,64,360,488
french_fries/1676299.jpg,512,512,french_fries,48,72,403,452
hotdog/380645.jpg,382,512,hotdog,70,157,330,440
hamburger/214601.jpg,512,382,hamburger,206,13,428,234
french_fries/1221000.jpg,512,512,french_fries,1,3,509,509
sushi/368839.jpg,512,288,sashimi,95,78,188,140
sushi/368839.jpg,512,288,sashimi,38,119,137,180
pizza/376417.jpg,382,512,pizza,1,76,382,500
pizza/276803.jpg,384,512,pizza,1,85,384,512
french_fries/223676.jpg,382,512,french_fries,2,1,256,473
french_fries/1387352.jpg,512,512,french_fries,84,146,512,509
french_fries/1682173.jpg,512,512,french_fries,4,40,512,315
hotdog/10464.jpg,512,385,hotdog,113,23,431,385
french_fries/1020588.jpg,307,512,french_fries,46,202,268,345
sushi/482107.jpg,512,384,sashimi,50,173,259,270
sushi/482107.jpg,512,384,sushi,297,86,426,185
hamburger/909950.jpg,512,341,hamburger,286,8,496,267
hamburger/909950.jpg,512,341,hamburger,96,20,306,218
sushi/282039.jpg,382,512,sushi,69,219,243,302
french_fries/93653.jpg,512,383,french_fries,54,102,411,298
hotdog/17651.jpg,384,512,hotdog,37,164,222,443
hotdog/98754.jpg,512,512,hotdog,145,251,290,398
hotdog/98754.jpg,512,512,hotdog,209,197,363,360
french_fries/854901.jpg,512,512,french_fries,1,108,509,447
hotdog/99314.jpg,512,384,hotdog,17,74,475,270
hamburger/402245.jpg,512,512,hamburger,2,9,489,512
hotdog/171607.jpg,384,512,hotdog,33,51,360,512
sushi/1170327.jpg,512,512,sashimi,78,73,366,426
sushi/1425172.jpg,512,512,sushi,83,294,204,402
sushi/1425172.jpg,512,512,sushi,401,234,512,345
sushi/421859.jpg,512,512,sashimi,7,225,423,351
sushi/421859.jpg,512,512,sushi,350,136,509,256
hamburger/764175.jpg,384,512,hamburger,10,92,310,307
hamburger/130598.jpg,382,512,hamburger,22,1,381,330
hamburger/283514.jpg,512,384,hamburger,127,47,415,288
sushi/1334264.jpg,512,512,sashimi,180,273,305,352
sushi/1334264.jpg,512,512,sashimi,303,252,431,327
hamburger/1255149.jpg,306,512,hamburger,109,159,306,423
pizza/324942.jpg,512,384,pizza,19,5,485,368
sushi/544697.jpg,512,512,sushi,244,287,336,379
sushi/1608115.jpg,512,512,sushi,45,98,182,254
hotdog/41227.jpg,512,384,hotdog,1,105,503,308
sushi/137270.jpg,382,512,sushi,214,297,382,508
sushi/137270.jpg,382,512,sushi,72,239,215,462
pizza/302591.jpg,382,512,pizza,1,39,382,482
hotdog/319114.jpg,512,382,hotdog,12,52,512,329
french_fries/705893.jpg,512,512,french_fries,1,25,507,503
sushi/215265.jpg,512,334,sushi,210,153,298,252
sushi/215265.jpg,512,334,sushi,104,89,355,253
hamburger/1120305.jpg,512,384,hamburger,2,14,508,384
french_fries/191085.jpg,512,384,french_fries,112,73,457,328
hamburger/279510.jpg,384,512,hamburger,1,26,279,287
pizza/179165.jpg,382,512,pizza,1,95,356,494
hamburger/730040.jpg,512,384,hamburger,1,104,214,291
pizza/254812.jpg,382,512,pizza,8,72,382,511
sushi/6130.jpg,512,384,sushi,77,84,245,286
sushi/6130.jpg,512,384,sushi,259,103,440,305
hotdog/76618.jpg,512,384,hotdog,64,123,512,290
hamburger/177861.jpg,512,512,hamburger,17,40,417,408
pizza/340814.jpg,512,382,pizza,32,21,482,351
hotdog/146834.jpg,384,512,hotdog,1,107,204,477
hotdog/146834.jpg,384,512,hotdog,198,89,358,446
hamburger/1010140.jpg,512,384,hamburger,57,89,328,333
pizza/277963.jpg,512,512,pizza,1,1,512,512
hotdog/160274.jpg,382,512,hotdog,17,15,382,496
french_fries/1241462.jpg,512,384,french_fries,123,29,401,163
hotdog/267988.jpg,384,512,hotdog,1,1,384,512
sushi/575853.jpg,512,384,sushi,219,218,340,341
sushi/575853.jpg,512,384,sushi,235,145,338,222
french_fries/1133382.jpg,512,384,french_fries,71,208,477,356
hamburger/825337.jpg,512,383,hamburger,75,20,439,338
sushi/506668.jpg,512,512,sushi,286,194,512,396
sushi/506668.jpg,512,512,sushi,188,28,371,198
pizza/129666.jpg,382,512,pizza,1,1,382,500
sushi/264038.jpg,512,382,sushi,106,190,215,330
sushi/264038.jpg,512,382,sushi,211,196,321,334
sushi/264038.jpg,512,382,sushi,318,157,405,270
sushi/264038.jpg,512,382,sushi,103,191,320,333
french_fries/1767804.jpg,512,512,french_fries,1,1,511,506
pizza/413710.jpg,512,512,pizza,202,127,474,331
pizza/413710.jpg,512,512,pizza,49,204,441,400
hotdog/50782.jpg,384,512,hotdog,24,51,330,489
sushi/213271.jpg,384,512,sushi,289,237,384,321
sushi/213271.jpg,384,512,sushi,34,148,240,224
sushi/331460.jpg,382,512,sushi,73,199,251,312
sushi/331460.jpg,382,512,sashimi,158,309,247,472
sushi/331460.jpg,382,512,sashimi,37,309,154,466
sushi/331460.jpg,382,512,sashimi,244,297,382,414
hamburger/310724.jpg,382,512,hamburger,43,176,214,353
sushi/1168975.jpg,512,512,sashimi,220,324,370,445
sushi/725951.jpg,512,512,sushi,135,270,354,349
french_fries/17394.jpg,512,384,french_fries,134,17,378,377
sushi/1429127.jpg,512,512,sushi,139,72,208,158
sushi/1429127.jpg,512,512,sushi,354,166,442,252
sushi/1429127.jpg,512,512,sushi,276,123,350,216
sushi/1429127.jpg,512,512,sushi,260,214,347,324
sushi/1429127.jpg,512,512,sushi,413,297,512,414
sushi/1429127.jpg,512,512,sushi,341,254,421,368
pizza/98617.jpg,384,512,pizza,1,210,374,512
pizza/168879.jpg,512,384,pizza,1,36,510,365
hamburger/492903.jpg,512,512,hamburger,1,13,512,509
hotdog/324507.jpg,512,341,hotdog,71,137,256,310
hotdog/324507.jpg,512,341,hotdog,269,106,442,301
hotdog/94430.jpg,383,512,hotdog,1,205,383,512
french_fries/799658.jpg,512,512,french_fries,1,142,512,511
sushi/625854.jpg,512,512,sushi,221,308,391,507
hamburger/81813.jpg,512,383,hamburger,193,145,366,296
pizza/248252.jpg,382,512,pizza,54,1,368,512
pizza/262133.jpg,512,384,pizza,1,1,512,368
hamburger/209001.jpg,384,512,hamburger,79,263,256,461
hotdog/90233.jpg,512,383,hotdog,59,183,460,343
hamburger/72111.jpg,512,384,hamburger,32,12,493,356
hotdog/189511.jpg,382,512,hotdog,116,252,361,454
hotdog/189511.jpg,382,512,hotdog,1,201,120,416
sushi/638929.jpg,512,512,sushi,89,302,211,394
sushi/507775.jpg,512,512,sushi,70,194,245,366
sushi/507775.jpg,512,512,sushi,76,153,414,477
sushi/37284.jpg,512,384,sushi,81,259,375,351
sushi/37284.jpg,512,384,sushi,383,173,498,276
sushi/593071.jpg,512,512,sushi,115,266,285,473
sushi/593071.jpg,512,512,sushi,61,109,203,300
sushi/593071.jpg,512,512,sushi,266,193,417,422
hotdog/345704.jpg,512,382,hotdog,1,56,512,382
sushi/1333369.jpg,512,512,sushi,223,206,505,457
sushi/1333369.jpg,512,512,sushi,292,8,504,216
french_fries/1541766.jpg,512,512,french_fries,53,78,505,416
hotdog/307874.jpg,384,512,hotdog,86,114,353,218
hotdog/307874.jpg,384,512,hotdog,69,195,348,293
hotdog/307874.jpg,384,512,hotdog,58,273,359,379
hotdog/307874.jpg,384,512,hotdog,48,370,366,476
hotdog/307874.jpg,384,512,hotdog,10,151,107,450
french_fries/1694219.jpg,512,512,french_fries,1,5,446,506
pizza/403431.jpg,512,512,pizza,1,1,512,502
sushi/45067.jpg,512,384,sushi,371,246,421,305
sushi/45067.jpg,512,384,sushi,288,252,353,314
sushi/45067.jpg,512,384,sushi,107,135,163,190
pizza/346091.jpg,512,382,pizza,1,1,511,341
hotdog/206995.jpg,384,512,hotdog,64,53,384,330
hamburger/988443.jpg,512,512,hamburger,24,307,222,481
hamburger/215037.jpg,512,333,hamburger,52,9,403,325
hotdog/50617.jpg,384,512,hotdog,2,109,247,335
french_fries/416728.jpg,382,512,french_fries,1,160,375,410
hamburger/1181766.jpg,512,512,hamburger,1,265,205,479
hamburger/1181766.jpg,512,512,hamburger,339,94,453,179
sushi/288200.jpg,512,512,sushi,174,17,482,302
hotdog/292683.jpg,384,512,hotdog,35,109,384,446
hotdog/292683.jpg,384,512,hotdog,1,219,259,512
sushi/5900.jpg,512,384,sashimi,92,193,201,252
sushi/5900.jpg,512,384,sashimi,184,232,273,284
hamburger/81732.jpg,384,512,hamburger,1,136,326,394
pizza/489532.jpg,507,512,pizza,1,1,507,512
pizza/153195.jpg,382,512,pizza,12,252,188,467
pizza/153195.jpg,382,512,pizza,191,248,382,458
french_fries/575211.jpg,512,512,french_fries,1,1,507,380
hamburger/643450.jpg,512,306,hamburger,64,8,406,293
french_fries/57594.jpg,512,384,french_fries,3,59,512,378
hotdog/101571.jpg,512,382,hotdog,1,61,511,331
hamburger/285384.jpg,384,512,hamburger,12,132,231,389
pizza/416067.jpg,512,512,pizza,6,68,512,512
hotdog/124323.jpg,512,384,hotdog,102,40,512,384
pizza/489347.jpg,512,512,pizza,1,14,512,512
french_fries/560182.jpg,512,512,french_fries,1,91,510,466
pizza/204151.jpg,382,512,pizza,1,111,382,422
hotdog/370167.jpg,512,382,hotdog,143,188,224,352
hamburger/47595.jpg,384,512,hamburger,43,222,361,503
sushi/621419.jpg,512,512,sashimi,5,232,271,416
hotdog/73523.jpg,384,512,hotdog,13,278,361,406
pizza/214728.jpg,382,512,pizza,1,88,382,490
french_fries/1552191.jpg,512,512,french_fries,1,187,512,509
hamburger/800876.jpg,512,512,hamburger,1,53,510,480
sushi/927987.jpg,512,384,sushi,180,165,250,220
sushi/927987.jpg,512,384,sushi,179,128,315,220
hamburger/787142.jpg,512,360,hamburger,236,3,472,206
sushi/479711.jpg,512,512,sushi,327,62,462,180
sushi/479711.jpg,512,512,sushi,197,74,340,203
sushi/479711.jpg,512,512,sushi,48,89,195,214
sushi/479711.jpg,512,512,sashimi,268,195,386,472
sushi/479711.jpg,512,512,sashimi,267,177,511,470
french_fries/498167.jpg,511,512,french_fries,1,215,506,502
hamburger/139558.jpg,512,382,hamburger,236,42,480,281
hotdog/112198.jpg,512,382,hotdog,107,202,462,365
hamburger/72266.jpg,512,512,hamburger,291,229,512,427
hamburger/72266.jpg,512,512,hamburger,52,223,289,430
sushi/843894.jpg,384,512,sashimi,116,261,257,416
pizza/72716.jpg,384,512,pizza,1,7,326,512
french_fries/531883.jpg,512,510,french_fries,2,1,364,508
french_fries/10897.jpg,384,512,french_fries,79,128,252,356
french_fries/244006.jpg,382,512,french_fries,19,118,308,490
sushi/285268.jpg,382,512,sushi,80,363,156,436
sushi/285268.jpg,382,512,sushi,93,308,156,359
french_fries/889641.jpg,512,512,french_fries,59,124,453,509
sushi/57230.jpg,512,384,sashimi,99,4,461,158
sushi/343036.jpg,384,512,sushi,122,349,253,495
sushi/343036.jpg,384,512,sushi,28,177,315,492
hamburger/279729.jpg,382,512,hamburger,2,204,382,422
sushi/765514.jpg,512,384,sushi,1,171,187,383
sushi/381307.jpg,512,384,sashimi,1,162,269,322
sushi/381307.jpg,512,384,sashimi,260,191,512,328
hamburger/976482.jpg,512,382,hamburger,1,46,318,380
hamburger/107320.jpg,512,384,hamburger,1,1,297,335
pizza/212995.jpg,512,384,pizza,12,39,459,363
pizza/329302.jpg,382,512,pizza,39,241,283,471
french_fries/963995.jpg,512,306,french_fries,123,15,400,299
sushi/723084.jpg,512,307,sashimi,1,190,375,307
sushi/1311555.jpg,512,512,sushi,253,264,468,479
french_fries/152498.jpg,382,512,french_fries,1,12,377,503
french_fries/485471.jpg,512,512,french_fries,1,31,512,509
pizza/139952.jpg,512,384,pizza,104,79,466,354
hamburger/1144233.jpg,384,512,hamburger,32,2,384,317
hamburger/398340.jpg,512,306,hamburger,212,60,486,277
pizza/22489.jpg,512,384,pizza,7,8,491,377
sushi/101625.jpg,384,512,sushi,167,329,243,407
french_fries/478232.jpg,512,512,french_fries,1,1,512,509
hotdog/197257.jpg,512,382,hotdog,52,82,475,376
french_fries/1647142.jpg,341,512,french_fries,47,137,334,428
french_fries/20215.jpg,512,384,french_fries,1,20,503,265
sushi/953260.jpg,512,512,sushi,41,367,313,512
sushi/953260.jpg,512,512,sushi,45,375,135,467
sushi/953260.jpg,512,512,sushi,136,380,219,456
sushi/953260.jpg,512,512,sushi,216,368,310,452
sushi/953260.jpg,512,512,sushi,47,34,300,199
french_fries/1639700.jpg,512,512,french_fries,23,156,455,429
french_fries/1209297.jpg,306,512,french_fries,11,51,281,243
french_fries/1595244.jpg,512,512,french_fries,120,74,394,417
sushi/914741.jpg,384,512,sushi,181,323,363,497
hamburger/14657.jpg,512,384,hamburger,177,1,509,379
pizza/332231.jpg,512,382,pizza,1,1,512,382
hotdog/67755.jpg,384,512,hotdog,23,96,311,279
pizza/121834.jpg,512,341,pizza,15,7,492,341
hotdog/87840.jpg,512,384,hotdog,21,67,485,303
pizza/12301.jpg,384,512,pizza,1,84,384,512
hamburger/159304.jpg,382,512,hamburger,77,116,368,359
pizza/341377.jpg,512,382,pizza,1,1,477,382
hamburger/468712.jpg,512,384,hamburger,176,26,478,289
sushi/380314.jpg,512,384,sushi,137,121,374,188
sushi/980783.jpg,512,384,sashimi,38,59,221,360
sushi/980783.jpg,512,384,sashimi,271,40,450,315
hotdog/117749.jpg,383,512,hotdog,60,19,331,489
hamburger/1253448.jpg,512,288,hamburger,82,9,410,288
hamburger/656458.jpg,512,512,hamburger,4,17,512,494
french_fries/631606.jpg,512,512,french_fries,4,3,505,509
hamburger/613983.jpg,512,512,hamburger,1,31,293,332
hotdog/233179.jpg,384,512,hotdog,30,18,352,489
sushi/459308.jpg,512,512,sushi,54,393,135,488
sushi/459308.jpg,512,512,sushi,157,324,231,406
sushi/459308.jpg,512,512,sushi,310,239,376,316
sushi/459308.jpg,512,512,sashimi,11,269,92,361
sushi/459308.jpg,512,512,sashimi,115,207,187,281
hamburger/302613.jpg,512,512,hamburger,20,96,366,494
sushi/578929.jpg,512,384,sushi,190,150,350,324
sushi/578929.jpg,512,384,sushi,1,239,158,381
sushi/578929.jpg,512,384,sushi,368,116,512,268
sushi/578929.jpg,512,384,sushi,373,43,512,270
french_fries/230015.jpg,512,341,french_fries,2,43,445,341
pizza/163039.jpg,382,512,pizza,32,90,370,512
hamburger/529449.jpg,512,512,hamburger,71,151,442,509
sushi/497686.jpg,512,512,sushi,101,1,334,152
sushi/497686.jpg,512,512,sushi,324,29,512,173
sushi/568994.jpg,512,306,sashimi,159,20,365,114
sushi/687910.jpg,512,512,sushi,60,172,311,446
french_fries/1475332.jpg,512,512,french_fries,1,150,401,512
french_fries/553218.jpg,384,512,french_fries,1,90,381,444
french_fries/909325.jpg,512,384,french_fries,198,161,512,381
hotdog/289472.jpg,512,382,hotdog,3,29,451,300
